,0
0,8.0
1,16.0
2,18.0
3,12.0
4,11.0
5,13.0
6,12.0
7,22.0
8,16.0
9,17.0
10,3.0
11,10.0
12,10.0
13,22.0
14,11.0
15,3.0
16,38.0
17,21.0
18,5.0
19,10.0
20,32.0
21,33.0
22,23.0
23,9.0
24,13.0
25,13.0
26,18.0
27,3.0
28,13.0
29,11.0
30,20.0
31,21.0
32,17.0
33,19.0
34,16.0
35,18.0
36,12.0
37,19.0
38,20.0
39,15.0
40,20.0
41,19.0
42,24.0
43,26.0
44,38.0
45,16.0
46,21.0
47,10.0
48,13.0
49,17.0
50,16.0
51,16.0
52,15.0
53,12.0
54,3.0
55,21.0
56,19.0
57,10.0
58,26.0
59,12.0
60,15.0
61,15.0
62,5.0
63,11.0
64,14.0
65,14.0
66,11.0
67,16.0
68,19.0
69,17.0
70,14.0
71,25.0
72,15.0
73,22.0
74,25.0
75,20.0
76,27.0
77,8.0
78,16.0
79,23.0
80,23.0
81,13.0
82,6.0
83,8.0
84,10.0
85,6.0
86,14.0
87,12.0
88,26.0
89,27.0
90,23.0
91,16.0
92,18.0
93,23.0
94,8.0
95,16.0
96,28.0
97,15.0
98,24.0
99,19.0
100,8.0
101,15.0
102,38.0
103,25.0
104,20.0
105,18.0
106,6.0
107,27.0
108,14.0
109,5.0
110,19.0
111,11.0
112,9.0
113,12.0
114,14.0
115,17.0
116,21.0
117,12.0
118,27.0
119,8.0
120,23.0
121,4.0
122,10.0
123,19.0
124,18.0
125,7.0
126,17.0
127,18.0
128,15.0
129,21.0
130,29.0
131,28.0
132,23.0
133,11.0
134,7.0
135,27.0
136,32.0
137,29.0
138,37.0
139,3.0
140,31.0
141,18.0
142,14.0
143,40.0
144,28.0
145,15.0
146,38.0
147,29.0
148,22.0
149,25.0
150,30.0
151,11.0
152,19.0
153,20.0
154,14.0
155,9.0
156,7.0
157,13.0
158,21.0
159,6.0
160,4.0
161,13.0
162,6.0
163,28.0
164,10.0
165,14.0
166,5.0
167,16.0
168,15.0
169,8.0
170,36.0
171,17.0
172,31.0
173,14.0
174,9.0
175,10.0
176,16.0
177,13.0
178,9.0
179,9.0
180,18.0
181,6.0
182,13.0
183,5.0
184,15.0
185,6.0
186,5.0
187,7.0
188,15.0
189,18.0
190,17.0
191,11.0
192,9.0
193,6.0
194,11.0
195,11.0
196,28.0
197,10.0
198,8.0
199,14.0
200,4.0
201,10.0
202,24.0
203,27.0
204,7.0
205,9.0
206,15.0
207,10.0
208,7.0
209,10.0
210,17.0
211,21.0
212,33.0
213,23.0
214,32.0
215,28.0
216,26.0
217,12.0
218,6.0
219,24.0
220,9.0
221,17.0
222,10.0
223,15.0
224,15.0
225,14.0
226,13.0
227,17.0
228,10.0
229,11.0
230,14.0
231,11.0
232,36.0
233,35.0
234,26.0
235,9.0
236,11.0
237,10.0
238,5.0
239,3.0
240,9.0
241,15.0
242,28.0
243,24.0
244,18.0
245,17.0
246,12.0
247,6.0
248,10.0
249,9.0
250,9.0
251,28.0
252,15.0
253,19.0
254,27.0
255,17.0
256,17.0
257,35.0
258,15.0
259,21.0
260,17.0
261,19.0
262,9.0
263,16.0
264,19.0
265,8.0
266,25.0
267,6.0
268,19.0
269,10.0
270,10.0
271,17.0
272,6.0
273,36.0
274,26.0
275,39.0
276,11.0
277,40.0
278,11.0
279,21.0
280,9.0
281,11.0
282,22.0
283,15.0
284,17.0
285,15.0
286,18.0
287,3.0
288,14.0
289,6.0
290,27.0
291,5.0
292,30.0
293,29.0
294,5.0
295,23.0
296,9.0
297,34.0
298,3.0
299,28.0
300,17.0
301,32.0
302,4.0
303,13.0
304,6.0
305,9.0
306,12.0
307,12.0
308,7.0
309,16.0
310,29.0
311,6.0
312,9.0
313,31.0
314,12.0
315,31.0
316,12.0
317,11.0
318,14.0
319,19.0
320,18.0
321,25.0
322,19.0
323,19.0
324,11.0
325,15.0
326,13.0
327,23.0
328,17.0
329,16.0
330,19.0
331,22.0
332,10.0
333,27.0
334,11.0
335,17.0
336,26.0
337,5.0
338,7.0
339,12.0
340,12.0
341,11.0
342,8.0
343,4.0
344,24.0
345,17.0
346,17.0
347,9.0
348,10.0
349,14.0
350,17.0
351,15.0
352,29.0
353,11.0
354,12.0
355,15.0
356,14.0
357,36.0
358,11.0
359,15.0
360,13.0
361,11.0
362,26.0
363,33.0
364,5.0
365,24.0
366,10.0
367,12.0
368,20.0
369,19.0
370,17.0
371,7.0
372,20.0
373,25.0
374,7.0
375,12.0
376,10.0
377,7.0
378,6.0
379,12.0
380,12.0
381,11.0
382,10.0
383,8.0
384,8.0
385,13.0
386,14.0
387,13.0
388,16.0
389,20.0
390,20.0
391,16.0
392,14.0
393,26.0
394,26.0
395,30.0
396,31.0
397,7.0
398,9.0
399,4.0
400,10.0
401,6.0
402,7.0
403,9.0
404,27.0
405,11.0
406,15.0
407,23.0
408,11.0
409,10.0
410,11.0
411,7.0
412,8.0
413,15.0
414,6.0
415,21.0
416,34.0
417,15.0
418,38.0
419,34.0
420,12.0
421,18.0
422,16.0
423,14.0
424,16.0
425,30.0
426,38.0
427,30.0
428,34.0
429,18.0
430,29.0
431,15.0
432,26.0
433,17.0
434,4.0
435,8.0
436,6.0
437,6.0
438,4.0
439,17.0
440,22.0
441,18.0
442,16.0
443,31.0
444,15.0
445,18.0
446,24.0
447,25.0
448,27.0
449,19.0
450,21.0
451,10.0
452,13.0
453,31.0
454,14.0
455,24.0
456,14.0
457,7.0
458,7.0
459,17.0
460,14.0
461,25.0
462,17.0
463,25.0
464,17.0
465,28.0
466,27.0
467,15.0
468,13.0
469,7.0
470,14.0
471,16.0
472,11.0
473,7.0
474,30.0
475,19.0
476,16.0
477,5.0
478,20.0
479,28.0
480,19.0
481,14.0
482,18.0
483,15.0
484,13.0
485,30.0
486,25.0
487,32.0
488,25.0
489,27.0
490,16.0
491,24.0
492,16.0
493,8.0
494,26.0
495,8.0
496,36.0
497,40.0
498,28.0
499,6.0
500,13.0
501,21.0
502,19.0
503,14.0
504,9.0
505,3.0
506,17.0
507,11.0
508,13.0
509,11.0
510,8.0
511,23.0
512,13.0
513,16.0
514,12.0
515,12.0
516,6.0
517,18.0
518,28.0
519,13.0
520,30.0
521,24.0
522,10.0
523,7.0
524,20.0
525,10.0
526,11.0
527,22.0
528,6.0
529,14.0
530,13.0
531,16.0
532,7.0
533,4.0
534,11.0
535,9.0
536,22.0
537,15.0
538,22.0
539,15.0
540,10.0
541,27.0
542,27.0
543,17.0
544,19.0
545,28.0
546,32.0
547,29.0
548,12.0
549,19.0
550,18.0
551,11.0
552,6.0
553,9.0
554,6.0
555,9.0
556,13.0
557,7.0
558,8.0
559,21.0
560,6.0
561,7.0
562,10.0
563,21.0
564,25.0
565,20.0
566,10.0
567,14.0
568,17.0
569,19.0
570,5.0
571,7.0
572,9.0
573,7.0
574,16.0
575,5.0
576,27.0
577,37.0
578,33.0
579,26.0
580,25.0
581,10.0
582,36.0
583,23.0
584,4.0
585,13.0
586,14.0
587,9.0
588,13.0
589,16.0
590,8.0
591,17.0
592,22.0
593,13.0
594,20.0
595,6.0
596,13.0
597,13.0
598,17.0
599,8.0
600,18.0
601,16.0
602,19.0
603,19.0
604,15.0
605,26.0
606,10.0
607,21.0
608,28.0
609,25.0
610,19.0
611,32.0
612,23.0
613,18.0
614,12.0
615,13.0
616,6.0
617,7.0
618,13.0
619,13.0
620,17.0
621,11.0
622,10.0
623,26.0
624,19.0
625,13.0
626,8.0
627,6.0
628,25.0
629,10.0
630,18.0
631,24.0
632,17.0
633,19.0
634,26.0
635,17.0
636,13.0
637,14.0
638,19.0
639,4.0
640,22.0
641,7.0
642,13.0
643,8.0
644,26.0
645,24.0
646,21.0
647,6.0
648,17.0
649,24.0
650,19.0
651,15.0
652,8.0
653,20.0
654,11.0
655,17.0
656,38.0
657,6.0
658,21.0
659,30.0
660,15.0
661,10.0
662,8.0
663,6.0
664,13.0
665,7.0
666,6.0
667,14.0
668,5.0
669,4.0
670,12.0
671,24.0
672,11.0
673,24.0
674,16.0
675,11.0
676,14.0
677,9.0
678,10.0
679,15.0
680,17.0
681,13.0
682,17.0
683,11.0
684,15.0
685,14.0
686,8.0
687,11.0
688,13.0
689,26.0
690,29.0
691,10.0
692,13.0
693,9.0
694,18.0
695,17.0
696,13.0
697,4.0
698,5.0
699,47.0
700,45.0
701,20.0
702,31.0
703,12.0
704,16.0
705,8.0
706,8.0
707,9.0
708,7.0
709,3.0
710,9.0
711,33.0
712,31.0
713,13.0
714,25.0
715,24.0
716,15.0
717,4.0
718,9.0
719,14.0
720,11.0
721,14.0
722,18.0
723,12.0
724,4.0
725,10.0
726,18.0
727,9.0
728,13.0
729,15.0
730,9.0
731,28.0
732,22.0
733,13.0
734,14.0
735,20.0
736,24.0
737,24.0
738,14.0
739,14.0
740,7.0
741,33.0
742,17.0
743,33.0
744,40.0
745,30.0
746,23.0
747,13.0
748,23.0
749,4.0
750,21.0
751,20.0
752,22.0
753,15.0
754,24.0
755,15.0
756,6.0
757,3.0
758,9.0
759,7.0
760,6.0
761,16.0
762,17.0
763,7.0
764,16.0
765,33.0
766,15.0
767,16.0
768,12.0
769,33.0
770,18.0
771,21.0
772,11.0
773,27.0
774,27.0
775,31.0
776,21.0
777,29.0
778,26.0
779,24.0
780,7.0
781,7.0
782,12.0
783,3.0
784,16.0
785,18.0
786,27.0
787,24.0
788,28.0
789,15.0
790,28.0
791,16.0
792,6.0
793,8.0
794,14.0
795,8.0
796,7.0
797,6.0
798,14.0
799,10.0
800,9.0
801,5.0
802,10.0
803,21.0
804,21.0
805,13.0
806,24.0
807,12.0
808,14.0
809,16.0
810,13.0
811,14.0
812,32.0
813,13.0
814,33.0
815,17.0
816,35.0
817,12.0
818,25.0
819,16.0
820,12.0
821,21.0
822,12.0
823,25.0
824,21.0
825,11.0
826,24.0
827,3.0
828,5.0
829,8.0
830,15.0
831,14.0
832,7.0
833,8.0
834,6.0
835,10.0
836,12.0
837,18.0
838,17.0
839,4.0
840,3.0
841,12.0
842,15.0
843,10.0
844,6.0
845,20.0
846,29.0
847,14.0
848,23.0
849,27.0
850,27.0
851,11.0
852,18.0
853,21.0
854,14.0
855,13.0
856,30.0
857,29.0
858,22.0
859,5.0
860,28.0
861,23.0
862,18.0
863,28.0
864,10.0
865,9.0
866,31.0
867,6.0
868,9.0
869,6.0
870,5.0
871,8.0
872,6.0
873,11.0
874,5.0
875,10.0
876,19.0
877,17.0
878,13.0
879,28.0
880,18.0
881,9.0
882,16.0
883,8.0
884,5.0
885,10.0
886,20.0
887,20.0
888,19.0
889,4.0
890,9.0
891,15.0
892,19.0
893,7.0
894,9.0
895,6.0
896,16.0
897,13.0
898,20.0
899,32.0
900,8.0
901,3.0
902,18.0
903,23.0
904,22.0
905,16.0
906,18.0
907,12.0
908,15.0
909,21.0
910,10.0
911,12.0
912,13.0
913,4.0
914,16.0
915,21.0
916,15.0
917,21.0
918,14.0
919,10.0
920,12.0
921,13.0
922,13.0
923,18.0
924,34.0
925,14.0
926,37.0
927,28.0
928,15.0
929,12.0
930,18.0
931,14.0
932,28.0
933,21.0
934,20.0
935,26.0
936,14.0
937,25.0
938,8.0
939,22.0
940,32.0
941,15.0
942,10.0
943,16.0
944,16.0
945,14.0
946,6.0
947,21.0
948,18.0
949,11.0
950,17.0
951,3.0
952,34.0
953,9.0
954,10.0
955,26.0
956,18.0
957,14.0
958,21.0
959,23.0
960,18.0
961,16.0
962,15.0
963,3.0
964,45.0
965,23.0
966,21.0
967,25.0
968,21.0
969,9.0
970,32.0
971,5.0
972,26.0
973,16.0
974,22.0
975,9.0
976,12.0
977,29.0
978,19.0
979,22.0
980,10.0
981,11.0
982,22.0
983,21.0
984,17.0
985,15.0
986,14.0
987,33.0
988,18.0
989,12.0
990,37.0
991,44.0
992,36.0
993,20.0
994,12.0
995,32.0
996,4.0
997,12.0
998,9.0
999,12.0
1000,11.0
1001,14.0
1002,17.0
1003,13.0
1004,14.0
1005,15.0
1006,26.0
1007,19.0
1008,14.0
1009,9.0
1010,12.0
1011,12.0
1012,16.0
1013,10.0
1014,10.0
1015,9.0
1016,15.0
1017,24.0
1018,15.0
1019,34.0
1020,26.0
1021,26.0
1022,13.0
1023,21.0
1024,5.0
1025,24.0
1026,24.0
1027,18.0
1028,16.0
1029,4.0
1030,5.0
1031,13.0
1032,13.0
1033,15.0
1034,38.0
1035,22.0
1036,15.0
1037,22.0
1038,5.0
1039,35.0
1040,24.0
1041,28.0
1042,20.0
1043,28.0
1044,12.0
1045,21.0
1046,24.0
1047,18.0
1048,14.0
1049,17.0
1050,19.0
1051,10.0
1052,4.0
1053,29.0
1054,22.0
1055,21.0
1056,17.0
1057,28.0
1058,16.0
1059,12.0
1060,27.0
1061,26.0
1062,6.0
1063,16.0
1064,16.0
1065,17.0
1066,13.0
1067,12.0
1068,30.0
1069,12.0
1070,9.0
1071,30.0
1072,29.0
1073,18.0
1074,24.0
1075,34.0
1076,10.0
1077,17.0
1078,11.0
1079,15.0
1080,25.0
1081,8.0
1082,18.0
1083,20.0
1084,21.0
1085,15.0
1086,10.0
1087,31.0
1088,29.0
1089,10.0
1090,13.0
1091,11.0
1092,13.0
1093,15.0
1094,7.0
1095,18.0
1096,8.0
1097,36.0
1098,38.0
1099,23.0
1100,43.0
1101,7.0
1102,8.0
1103,6.0
1104,27.0
1105,18.0
1106,21.0
1107,11.0
1108,28.0
1109,12.0
1110,35.0
1111,20.0
1112,37.0
1113,23.0
1114,19.0
1115,3.0
1116,34.0
1117,16.0
1118,31.0
1119,15.0
1120,19.0
1121,36.0
1122,10.0
1123,3.0
1124,22.0
1125,13.0
1126,10.0
1127,22.0
1128,16.0
1129,21.0
1130,21.0
1131,27.0
1132,24.0
1133,30.0
1134,12.0
1135,27.0
1136,20.0
1137,26.0
1138,27.0
1139,7.0
1140,17.0
1141,12.0
1142,15.0
1143,5.0
1144,7.0
1145,18.0
1146,7.0
1147,19.0
1148,24.0
1149,15.0
1150,26.0
1151,22.0
1152,20.0
1153,9.0
1154,24.0
1155,20.0
1156,10.0
1157,10.0
1158,20.0
1159,28.0
1160,14.0
1161,5.0
1162,26.0
1163,10.0
1164,10.0
1165,11.0
1166,14.0
1167,22.0
1168,27.0
1169,4.0
1170,23.0
1171,28.0
1172,15.0
1173,12.0
1174,20.0
1175,18.0
1176,11.0
1177,21.0
1178,16.0
1179,14.0
1180,14.0
1181,6.0
1182,13.0
1183,21.0
1184,9.0
1185,34.0
1186,11.0
1187,31.0
1188,41.0
1189,14.0
1190,24.0
1191,12.0
1192,21.0
1193,7.0
1194,18.0
1195,12.0
1196,11.0
1197,20.0
1198,4.0
1199,18.0
1200,16.0
1201,7.0
1202,10.0
1203,11.0
1204,10.0
1205,18.0
1206,5.0
1207,11.0
1208,7.0
1209,12.0
1210,21.0
1211,11.0
1212,13.0
1213,22.0
1214,14.0
1215,19.0
1216,15.0
1217,21.0
1218,10.0
1219,15.0
1220,8.0
1221,16.0
1222,17.0
1223,13.0
1224,17.0
1225,5.0
1226,6.0
1227,15.0
1228,13.0
1229,4.0
1230,17.0
1231,18.0
1232,11.0
1233,12.0
1234,13.0
1235,17.0
1236,11.0
1237,16.0
1238,12.0
1239,9.0
1240,12.0
1241,5.0
1242,23.0
1243,19.0
1244,7.0
1245,24.0
1246,24.0
1247,32.0
1248,13.0
1249,26.0
1250,21.0
1251,13.0
1252,22.0
1253,18.0
1254,6.0
1255,25.0
1256,32.0
1257,23.0
1258,23.0
1259,34.0
1260,7.0
1261,13.0
1262,35.0
1263,22.0
1264,30.0
1265,10.0
1266,16.0
1267,15.0
1268,21.0
1269,22.0
1270,10.0
1271,18.0
1272,6.0
1273,25.0
1274,19.0
1275,9.0
1276,11.0
1277,45.0
1278,16.0
1279,22.0
1280,31.0
1281,20.0
1282,10.0
1283,21.0
1284,31.0
1285,15.0
1286,17.0
1287,33.0
1288,46.0
1289,32.0
1290,26.0
1291,18.0
1292,25.0
1293,23.0
1294,36.0
1295,17.0
1296,24.0
1297,32.0
1298,18.0
1299,25.0
1300,23.0
1301,37.0
1302,3.0
1303,16.0
1304,17.0
1305,7.0
1306,13.0
1307,23.0
1308,31.0
1309,20.0
1310,11.0
1311,4.0
1312,22.0
1313,22.0
1314,26.0
1315,39.0
1316,26.0
1317,20.0
1318,16.0
1319,14.0
1320,20.0
1321,16.0
1322,24.0
1323,23.0
1324,34.0
1325,27.0
1326,29.0
1327,19.0
1328,24.0
1329,25.0
1330,26.0
1331,12.0
1332,16.0
1333,7.0
1334,16.0
1335,7.0
1336,8.0
1337,17.0
1338,16.0
1339,10.0
1340,20.0
1341,21.0
1342,30.0
1343,23.0
1344,32.0
1345,16.0
1346,18.0
1347,25.0
1348,8.0
1349,10.0
1350,10.0
1351,12.0
1352,15.0
1353,11.0
1354,14.0
1355,22.0
1356,15.0
1357,17.0
1358,28.0
1359,22.0
1360,21.0
1361,8.0
1362,18.0
1363,27.0
1364,16.0
1365,13.0
1366,13.0
1367,21.0
1368,31.0
1369,29.0
1370,34.0
1371,21.0
1372,30.0
1373,28.0
1374,18.0
1375,12.0
1376,15.0
1377,28.0
1378,17.0
1379,26.0
1380,14.0
1381,32.0
1382,25.0
1383,21.0
1384,23.0
1385,18.0
1386,24.0
1387,32.0
1388,24.0
1389,26.0
1390,7.0
1391,13.0
1392,7.0
1393,6.0
1394,4.0
1395,4.0
1396,7.0
1397,16.0
1398,13.0
1399,12.0
1400,7.0
1401,24.0
1402,20.0
1403,4.0
1404,9.0
1405,6.0
1406,8.0
1407,11.0
1408,22.0
1409,13.0
1410,12.0
1411,15.0
1412,22.0
1413,28.0
1414,26.0
1415,19.0
1416,15.0
1417,5.0
1418,12.0
1419,13.0
1420,8.0
1421,13.0
1422,11.0
1423,16.0
1424,10.0
1425,4.0
1426,11.0
1427,10.0
1428,12.0
1429,4.0
1430,40.0
1431,13.0
1432,15.0
1433,25.0
1434,15.0
1435,24.0
1436,21.0
1437,29.0
1438,12.0
1439,4.0
1440,7.0
1441,12.0
1442,3.0
1443,13.0
1444,25.0
1445,7.0
1446,7.0
1447,12.0
1448,22.0
1449,37.0
1450,39.0
1451,34.0
1452,21.0
1453,4.0
1454,26.0
1455,12.0
1456,8.0
1457,24.0
1458,12.0
1459,9.0
1460,10.0
1461,9.0
1462,8.0
1463,5.0
1464,5.0
1465,11.0
1466,10.0
1467,16.0
1468,11.0
1469,6.0
1470,6.0
1471,31.0
1472,18.0
1473,18.0
1474,20.0
1475,8.0
1476,14.0
1477,17.0
1478,32.0
1479,20.0
1480,21.0
1481,17.0
1482,12.0
1483,26.0
1484,31.0
1485,10.0
1486,13.0
1487,11.0
1488,16.0
1489,25.0
1490,15.0
1491,25.0
1492,17.0
1493,8.0
1494,20.0
1495,20.0
1496,9.0
1497,16.0
1498,21.0
1499,23.0
1500,20.0
1501,8.0
1502,14.0
1503,19.0
1504,16.0
1505,17.0
1506,12.0
1507,26.0
1508,20.0
1509,14.0
1510,14.0
1511,5.0
1512,11.0
1513,16.0
1514,21.0
1515,13.0
1516,13.0
1517,9.0
1518,4.0
1519,3.0
1520,22.0
1521,14.0
1522,12.0
1523,22.0
1524,18.0
1525,21.0
1526,9.0
1527,22.0
1528,19.0
1529,20.0
1530,15.0
1531,17.0
1532,7.0
1533,18.0
1534,4.0
1535,10.0
1536,19.0
1537,9.0
1538,17.0
1539,6.0
1540,11.0
1541,10.0
1542,12.0
1543,8.0
1544,5.0
1545,17.0
1546,5.0
1547,18.0
1548,38.0
1549,11.0
1550,3.0
1551,13.0
1552,12.0
1553,17.0
1554,21.0
1555,21.0
1556,26.0
1557,19.0
1558,13.0
1559,17.0
1560,10.0
1561,5.0
1562,5.0
1563,15.0
1564,14.0
1565,10.0
1566,18.0
1567,9.0
1568,10.0
1569,31.0
1570,17.0
1571,11.0
1572,13.0
1573,14.0
1574,25.0
1575,14.0
1576,14.0
1577,25.0
1578,8.0
1579,25.0
1580,4.0
1581,4.0
1582,16.0
1583,17.0
1584,16.0
1585,9.0
1586,5.0
1587,15.0
1588,10.0
1589,16.0
1590,3.0
1591,11.0
1592,21.0
1593,7.0
1594,8.0
1595,12.0
1596,9.0
1597,10.0
1598,3.0
1599,9.0
1600,12.0
1601,9.0
1602,28.0
1603,34.0
1604,31.0
1605,11.0
1606,12.0
1607,34.0
1608,6.0
1609,9.0
1610,6.0
1611,12.0
1612,14.0
1613,26.0
1614,3.0
1615,20.0
1616,16.0
1617,14.0
1618,38.0
1619,9.0
1620,27.0
1621,26.0
1622,12.0
1623,21.0
1624,9.0
1625,25.0
1626,13.0
1627,15.0
1628,6.0
1629,21.0
1630,13.0
1631,9.0
1632,5.0
1633,26.0
1634,19.0
1635,8.0
1636,11.0
1637,20.0
1638,12.0
1639,18.0
1640,18.0
1641,21.0
1642,11.0
1643,20.0
1644,25.0
1645,11.0
1646,10.0
1647,17.0
1648,9.0
1649,10.0
1650,20.0
1651,26.0
1652,10.0
1653,9.0
1654,36.0
1655,23.0
1656,16.0
1657,4.0
1658,14.0
1659,9.0
1660,25.0
1661,4.0
1662,11.0
1663,31.0
1664,5.0
1665,21.0
1666,19.0
1667,33.0
1668,23.0
1669,33.0
1670,22.0
1671,17.0
1672,29.0
1673,13.0
1674,4.0
1675,32.0
1676,17.0
1677,10.0
1678,12.0
1679,20.0
1680,22.0
1681,21.0
1682,11.0
1683,19.0
1684,21.0
1685,19.0
1686,14.0
1687,15.0
1688,6.0
1689,7.0
1690,15.0
1691,15.0
1692,29.0
1693,16.0
1694,24.0
1695,26.0
1696,17.0
1697,26.0
1698,11.0
1699,45.0
1700,27.0
1701,29.0
1702,24.0
1703,5.0
1704,14.0
1705,5.0
1706,11.0
1707,9.0
1708,11.0
1709,25.0
1710,14.0
1711,20.0
1712,13.0
1713,32.0
1714,17.0
1715,28.0
1716,39.0
1717,9.0
1718,9.0
1719,15.0
1720,13.0
1721,12.0
1722,13.0
1723,14.0
1724,26.0
1725,11.0
1726,14.0
1727,7.0
1728,14.0
1729,13.0
1730,13.0
1731,19.0
1732,24.0
1733,35.0
1734,23.0
1735,31.0
1736,4.0
1737,18.0
1738,29.0
1739,24.0
1740,26.0
1741,11.0
1742,11.0
1743,13.0
1744,23.0
1745,35.0
1746,22.0
1747,15.0
1748,16.0
1749,19.0
1750,39.0
1751,22.0
1752,36.0
1753,33.0
1754,30.0
1755,14.0
1756,14.0
1757,10.0
1758,5.0
1759,12.0
1760,23.0
1761,5.0
1762,13.0
1763,15.0
1764,16.0
1765,9.0
1766,11.0
1767,12.0
1768,4.0
1769,9.0
1770,20.0
1771,3.0
1772,5.0
1773,9.0
1774,8.0
1775,19.0
1776,4.0
1777,13.0
1778,15.0
1779,18.0
1780,21.0
1781,11.0
1782,10.0
1783,14.0
1784,14.0
1785,14.0
1786,24.0
1787,18.0
1788,12.0
1789,8.0
1790,8.0
1791,5.0
1792,12.0
1793,17.0
1794,27.0
1795,16.0
1796,15.0
1797,15.0
1798,15.0
1799,6.0
1800,10.0
1801,27.0
1802,9.0
1803,28.0
1804,17.0
1805,19.0
1806,24.0
1807,22.0
1808,17.0
1809,7.0
1810,17.0
1811,22.0
1812,12.0
1813,10.0
1814,17.0
1815,11.0
1816,12.0
1817,25.0
1818,15.0
1819,15.0
1820,19.0
1821,10.0
1822,4.0
1823,12.0
1824,14.0
1825,11.0
1826,9.0
1827,48.0
1828,25.0
1829,13.0
1830,19.0
1831,25.0
1832,16.0
1833,14.0
1834,22.0
1835,22.0
1836,5.0
1837,17.0
1838,14.0
1839,18.0
1840,9.0
1841,25.0
1842,18.0
1843,25.0
1844,31.0
1845,27.0
1846,8.0
1847,17.0
1848,15.0
1849,7.0
1850,11.0
1851,18.0
1852,29.0
1853,9.0
1854,24.0
1855,48.0
1856,35.0
1857,16.0
1858,17.0
1859,9.0
1860,17.0
1861,32.0
1862,17.0
1863,26.0
1864,12.0
1865,31.0
1866,18.0
1867,7.0
1868,22.0
1869,22.0
1870,23.0
1871,16.0
1872,19.0
1873,11.0
1874,32.0
1875,24.0
1876,15.0
1877,15.0
1878,18.0
1879,16.0
1880,18.0
1881,14.0
1882,24.0
1883,15.0
1884,33.0
1885,28.0
1886,20.0
1887,16.0
1888,22.0
1889,14.0
1890,26.0
1891,18.0
1892,15.0
1893,11.0
1894,27.0
1895,11.0
1896,25.0
1897,6.0
1898,16.0
1899,13.0
1900,9.0
1901,6.0
1902,10.0
1903,24.0
1904,5.0
1905,12.0
1906,18.0
1907,11.0
1908,7.0
1909,22.0
1910,15.0
1911,14.0
1912,18.0
1913,12.0
1914,17.0
1915,14.0
1916,16.0
1917,11.0
1918,32.0
1919,30.0
1920,4.0
1921,18.0
1922,7.0
1923,10.0
1924,4.0
1925,29.0
1926,13.0
1927,12.0
1928,13.0
1929,21.0
1930,7.0
1931,13.0
1932,14.0
1933,14.0
1934,9.0
1935,7.0
1936,5.0
1937,20.0
1938,25.0
1939,26.0
1940,19.0
1941,26.0
1942,17.0
1943,36.0
1944,20.0
1945,22.0
1946,18.0
1947,35.0
1948,6.0
1949,22.0
1950,5.0
1951,14.0
1952,29.0
1953,13.0
1954,26.0
1955,9.0
1956,5.0
1957,6.0
1958,7.0
1959,10.0
1960,6.0
1961,9.0
1962,25.0
1963,15.0
1964,12.0
1965,7.0
1966,14.0
1967,15.0
1968,20.0
1969,25.0
1970,20.0
1971,18.0
1972,42.0
1973,16.0
1974,17.0
1975,6.0
1976,17.0
1977,10.0
1978,14.0
1979,37.0
1980,45.0
1981,21.0
1982,18.0
1983,12.0
1984,9.0
1985,5.0
1986,6.0
1987,13.0
1988,8.0
1989,14.0
1990,19.0
1991,13.0
1992,17.0
1993,13.0
1994,22.0
1995,13.0
1996,37.0
1997,31.0
1998,38.0
1999,17.0
2000,26.0
2001,12.0
2002,25.0
2003,35.0
2004,29.0
2005,21.0
2006,27.0
2007,7.0
2008,11.0
2009,17.0
2010,12.0
2011,11.0
2012,16.0
2013,12.0
2014,16.0
2015,9.0
2016,5.0
2017,25.0
2018,17.0
2019,30.0
2020,20.0
2021,14.0
2022,21.0
2023,26.0
2024,17.0
2025,7.0
2026,14.0
2027,11.0
2028,16.0
2029,11.0
2030,35.0
2031,30.0
2032,45.0
2033,40.0
2034,3.0
2035,14.0
2036,8.0
2037,24.0
2038,12.0
2039,23.0
2040,8.0
2041,10.0
2042,16.0
2043,27.0
2044,26.0
2045,11.0
2046,24.0
2047,14.0
2048,4.0
2049,3.0
2050,11.0
2051,20.0
2052,19.0
2053,26.0
2054,12.0
2055,30.0
2056,36.0
2057,12.0
2058,8.0
2059,4.0
2060,4.0
2061,9.0
2062,3.0
2063,14.0
2064,14.0
2065,31.0
2066,26.0
2067,11.0
2068,15.0
2069,15.0
2070,13.0
2071,25.0
2072,7.0
2073,4.0
2074,31.0
2075,28.0
2076,7.0
2077,7.0
2078,12.0
2079,21.0
2080,5.0
2081,11.0
2082,13.0
2083,9.0
2084,10.0
2085,16.0
2086,16.0
2087,13.0
2088,15.0
2089,15.0
2090,7.0
2091,23.0
2092,9.0
2093,17.0
2094,10.0
2095,22.0
2096,16.0
2097,5.0
2098,10.0
2099,33.0
2100,26.0
2101,37.0
2102,26.0
2103,22.0
2104,22.0
2105,28.0
2106,22.0
2107,31.0
2108,17.0
2109,21.0
2110,19.0
2111,13.0
2112,14.0
2113,17.0
2114,12.0
2115,3.0
2116,16.0
2117,18.0
2118,14.0
2119,27.0
2120,8.0
2121,5.0
2122,16.0
2123,16.0
2124,19.0
2125,24.0
2126,12.0
2127,25.0
2128,4.0
2129,28.0
2130,26.0
2131,7.0
2132,11.0
2133,10.0
2134,19.0
2135,16.0
2136,5.0
2137,7.0
2138,9.0
2139,7.0
2140,6.0
2141,11.0
2142,8.0
2143,8.0
2144,24.0
2145,17.0
2146,21.0
2147,17.0
2148,16.0
2149,22.0
2150,8.0
2151,14.0
2152,5.0
2153,6.0
2154,12.0
2155,6.0
2156,6.0
2157,3.0
2158,29.0
2159,20.0
2160,18.0
2161,24.0
2162,14.0
2163,18.0
2164,18.0
2165,10.0
2166,4.0
2167,11.0
2168,5.0
2169,18.0
2170,26.0
2171,24.0
2172,18.0
2173,9.0
2174,11.0
2175,12.0
2176,16.0
2177,20.0
2178,25.0
2179,3.0
2180,24.0
2181,12.0
2182,17.0
2183,7.0
2184,7.0
2185,3.0
2186,8.0
2187,7.0
2188,5.0
2189,15.0
2190,10.0
2191,9.0
2192,15.0
2193,9.0
2194,5.0
2195,19.0
2196,14.0
2197,9.0
2198,8.0
2199,14.0
2200,13.0
2201,8.0
2202,14.0
2203,7.0
2204,21.0
2205,11.0
2206,3.0
2207,25.0
2208,27.0
2209,41.0
2210,31.0
2211,10.0
2212,8.0
2213,23.0
2214,19.0
2215,13.0
2216,17.0
2217,16.0
2218,13.0
2219,19.0
2220,15.0
2221,7.0
2222,13.0
2223,22.0
2224,25.0
2225,19.0
2226,50.0
2227,33.0
